Workbook

Sheet Monthly Returns Daimler
A1: Date | B1: Return Daimler
A2: 39113 | B2: 0.0008
A3: 39141 | B3: 0.0841
A4: 39171 | B4: 0.2203
A5: 39202 | B5: -0.0296
A6: 39233 | B6: 0.128
A7: 39262 | B7: 0.0036
A8: 39294 | B8: -0.0214
A9: 39325 | B9: -0.0177
A10: 39353 | B10: 0.0976
A11: 39386 | B11: 0.0874
A12: 39416 | B12: -0.0639
A13: 39447 | B13: -0.0603
... A133: 43100 | B133: 0.0364

Sheet Monthly Index Returns
A1: Date | B1: Return MSCI | C1: Return DAX
A2: 39113 | B2: 0.0112 | C2: -0.01085119
A3: 39141 | B3: -0.0065 | C3: 0.030018859
A4: 39171 | B4: 0.0159 | C4: 0.071105713
A5: 39202 | B5: 0.0421 | C5: 0.064000302
A6: 39233 | B6: 0.0247 | C6: 0.015765464
A7: 39262 | B7: -0.009 | C7: -0.052849105
A8: 39294 | B8: -0.0228 | C8: 0.0071240489
A9: 39325 | B9: -0.0027 | C9: 0.029239968
A10: 39353 | B10: 0.0461 | C10: 0.020061089
A11: 39386 | B11: 0.0299 | C11: -0.018542974
A12: 39416 | B12: -0.0424 | C12: 0.025004676
A13: 39447 | B13: -0.0137 | C13: -0.15067827
... A133: 43100 | B133: 0.0126 | C133: 0

Sheet Risk-free_rate_monthly
A1: Date | B1: Risk-free Rate Monthly
A2: 39083 | B2: 0.0039666667
A3: 39114 | B3: 0.0039333333
A4: 39142 | B4: 0.0038
A5: 39173 | B5: 0.0039083333
A6: 39203 | B6: 0.0039583333
A7: 39234 | B7: 0.0042583333
A8: 39264 | B8: 0.0041666667
A9: 39295 | B9: 0.0038916667
A10: 39326 | B10: 0.0037666667
A11: 39356 | B11: 0.003775
A12: 39387 | B12: 0.00345
A13: 39417 | B13: 0.0034166667
... A133: 43070 | B133: 0.002

Sheet Scatter Plot
A1: Date | B1: Return Daimler | C1: Return MSCI | D1: Return DAX | E1: Risk Free Rate | G1: Excess Return Daimler | H1: Excess Return MSCI | I1: Excess Return DAX
A2: 39113 | B2: 0.0008 | C2: 0.0112 | D2: -0.01085119 | E2: ='Risk-free_rate_monthly'!B2 -> 0.0039666667
A3: 39141 | B3: 0.0841 | C3: -0.0065 | D3: 0.030018859 | E3: ='Risk-free_rate_monthly'!B3 -> 0.0039333333
A4: 39171 | B4: 0.2203 | C4: 0.0159 | D4: 0.071105713 | E4: ='Risk-free_rate_monthly'!B4 -> 0.0038
A5: 39202 | B5: -0.0296 | C5: 0.0421 | D5: 0.064000302 | E5: ='Risk-free_rate_monthly'!B5 -> 0.0039083333
A6: 39233 | B6: 0.128 | C6: 0.0247 | D6: 0.015765464 | E6: ='Risk-free_rate_monthly'!B6 -> 0.0039583333
A7: 39262 | B7: 0.0036 | C7: -0.009 | D7: -0.052849105 | E7: ='Risk-free_rate_monthly'!B7 -> 0.0042583333
A8: 39294 | B8: -0.0214 | C8: -0.0228 | D8: 0.0071240489 | E8: ='Risk-free_rate_monthly'!B8 -> 0.0041666667
A9: 39325 | B9: -0.0177 | C9: -0.0027 | D9: 0.029239968 | E9: ='Risk-free_rate_monthly'!B9 -> 0.0038916667
A10: 39353 | B10: 0.0976 | C10: 0.0461 | D10: 0.020061089 | E10: ='Risk-free_rate_monthly'!B10 -> 0.0037666667
A11: 39386 | B11: 0.0874 | C11: 0.0299 | D11: -0.018542974 | E11: ='Risk-free_rate_monthly'!B11 -> 0.003775
A12: 39416 | B12: -0.0639 | C12: -0.0424 | D12: 0.025004676 | E12: ='Risk-free_rate_monthly'!B12 -> 0.00345
A13: 39447 | B13: -0.0603 | C13: -0.0137 | D13: -0.15067827 | E13: ='Risk-free_rate_monthly'!B13 -> 0.0034166667
... A30: 39962 | B30: 0.0447 | C30: 0.0862 | D30: -0.026752582 | E30: ='Risk-free_rate_monthly'!B30 -> 0.00275
A31: 39994 | B31: -0.0785 | C31: -0.0061 | D31: 0.10886654 | E31: ='Risk-free_rate_monthly'!B31 -> 0.0031 | K31: CAPM Slope
A32: 40025 | B32: 0.2564 | C32: 0.0837 | D32: 0.024843632 | E32: ='Risk-free_rate_monthly'!B32 -> 0.0029666667
A33: 40056 | B33: -0.0637 | C33: 0.0391 | D33: 0.038529794 | E33: ='Risk-free_rate_monthly'!B33 -> 0.0029916667
A34: 40086 | B34: 0.1354 | C34: 0.0381 | D34: -0.045848961 | E34: ='Risk-free_rate_monthly'!B34 -> 0.0028333333
A35: 40116 | B35: -0.0356 | C35: -0.0185 | D35: 0.03896432 | E35: ='Risk-free_rate_monthly'!B35 -> 0.0028333333
A36: 40147 | B36: 0.0551 | C36: 0.0387 | D36: 0.058919821 | E36: ='Risk-free_rate_monthly'!B36 -> 0.0028333333
A37: 40178 | B37: 0.015 | C37: 0.0169 | D37: -0.058521901 | E37: ='Risk-free_rate_monthly'!B37 -> 0.003
A38: 40207 | B38: -0.1457 | C38: -0.0419 | D38: -0.0018417659 | E38: ='Risk-free_rate_monthly'!B38 -> 0.0031083333
A39: 40235 | B39: -0.1003 | C39: 0.0123 | D39: 0.099150453 | E39: ='Risk-free_rate_monthly'!B39 -> 0.003075
A40: 40268 | B40: 0.1206 | C40: 0.0593 | D40: -0.0029007013 | E40: ='Risk-free_rate_monthly'!B40 -> 0.0031083333
A41: 40298 | B41: 0.0706 | C41: -0.0016 | D41: -0.027930002 | E41: ='Risk-free_rate_monthly'!B41 -> 0.0032083333
A42: 40329 | B42: -0.0336 | C42: -0.0991 | D42: 0.00019950975 | E42: ='Risk-free_rate_monthly'!B42 -> 0.00285
A43: 40359 | B43: 0.0314 | C43: -0.0356 | D43: 0.030584122 | E43: ='Risk-free_rate_monthly'!B43 -> 0.0026666667
... A133: 43100 | B133: 0.0364 | C133: 0.0126 | D133: 0 | E133: ='Risk-free_rate_monthly'!B133 -> 0.002

Sheet Cost of Equity
A1: Current risk free rate | B1: CAPM Beta | C1: Historical Market Risk Premium | D1: Daimler's Cost of Equity
A2: ='Risk-free_rate_monthly'!B133*12 -> 0.024 | B2: ='Scatter Plot'!L31 -> 0 | C2: =0.05 -> 0.05 | D2: =A2+B2*C2 -> 0.024
